region,region_name,variable,unit,1965,1966,1967,1968,1969,1970,1971,1972,1973,1974,1975,1976,1977,1978,1979,1980,1981,1982,1983,1984,1985,1986,1987,1988,1989,1990,1991,1992,1993,1994,1995,1996,1997,1998,1999,2000,2001,2002,2003,2004,2005,2006,2007,2008,2009,2010,2011,2012,2013,2014,2015,2016,2017,2018,2019,2020,2021,2022,2023,2024
CAN,Canada,Primary Energy,EJ / yr,4.168670211636364,4.400851256636364,4.623239460909091,4.965210786454545,5.2223503590909095,5.613447038272727,5.7961211249090905,6.192707396545455,6.748374427190657,6.890253767505994,6.822464864168783,7.142407101738204,7.594641140967532,7.666771722671318,7.880561376645394,8.018356329802328,7.857355580158699,7.621813499683784,7.519945319428982,7.977276125420685,8.18798148754518,8.245620840922632,8.543953061428867,9.038773476702447,9.265361705145725,8.795730233545914,8.766369968211283,8.998260360039268,9.23948022621567,9.644914165058458,9.884120987917525,10.067440968841602,10.163611988177475,10.100702954390455,10.396890019864301,10.660531701954671,10.596691773517513,10.936621674900229,11.116194619343194,11.346193529960948,11.317045258494588,10.949443526781756,11.769116344972067,11.563958490026387,11.078479702431888,11.347415855268707,11.715757366559533,11.713996612437949,12.050555786929301,12.147078944660127,12.122438200800914,11.931746946311508,12.093814290429139,12.362536011812947,12.32698468441982,11.48250550642243,11.596372555461556,11.86884368417511,11.805623535099224,11.868848768469531
MEX,Mexico,Primary Energy,EJ / yr,0.9935295126139401,1.0468163839562799,1.061961468288333,1.1520877534507898,1.267890934565208,1.3488020709047372,1.426722810651433,1.581067557166109,1.712106131390284,1.9018789993175411,2.0504943591414464,2.1753405356239695,2.287385060725485,2.6102033104196916,2.894752874489895,3.167224510093615,3.4589124342253577,3.631445575417879,3.6063466446256625,3.7614051908583006,3.925864267666227,3.8998975542806664,4.0708880731317905,4.089295970329274,4.297564411773545,4.71033176603772,4.871081563311164,4.9459064903803265,4.954162551683623,5.27675520155642,5.138705776909923,5.248865775803172,5.407819198956496,5.64561221532409,5.671331622274785,6.030632772397924,6.000587321192754,6.171573145489484,6.307261584817836,6.646958498568948,7.287571020345003,7.361553909383661,7.470922850145701,7.692479072041515,7.63598193632501,7.587517888919836,7.94378042618117,8.013436621335009,8.051914739397544,7.923494101703874,7.882032521992478,8.129527256593082,8.312084887951091,8.107064542339096,8.003263746925782,7.237533316068044,7.615490493872309,7.968529895787757,8.02649317878148,8.044830164058279
USA,US,Primary Energy,EJ / yr,50.581346700032626,53.4830572108293,55.208237292867565,58.59475364179212,61.51462892698751,63.77641166926705,65.0359815206188,68.35673033000445,71.36710704579623,69.40796332872996,67.59741586915855,71.5404262858814,73.90212600276058,75.1464090647735,75.96871705051089,73.02902497590043,70.96060205141904,67.64796092831583,67.28163198875174,70.97394698871034,71.15784585933028,71.81144803722387,74.60626853988248,78.28958737897031,79.97957301904161,80.12781326672116,80.09374659192687,81.55463255906658,83.10770889337248,84.77210400158847,86.24398434442003,88.97282506202245,89.5693371557554,90.41770246698445,92.1129731568626,94.50727717864956,92.74972309081585,93.85390944772301,94.13143402934858,96.12519535151608,96.18300959070055,95.30373489938799,96.9467385280897,94.45684244204803,89.59907748522772,92.67334898518962,91.369094103474,89.07254030722184,91.46712278492049,92.43221544999564,91.55894207754167,91.15183822639406,91.07493399644548,94.41112206669733,93.57274292771147,86.21375626685416,90.78554881555335,92.25154821355893,91.19776322340292,91.83211178128627
ARG,Argentina,Primary Energy,EJ / yr,1.1740683194944477,1.2122865768056732,1.2475638201363763,1.2884886443816266,1.333015035720825,1.2615484634386682,1.3381428014574395,1.3553818730248348,1.406095669527119,1.4496955653065933,1.4143678966951814,1.4881889217371087,1.5497210153722745,1.547550614492348,1.6394962236767827,1.5987104080114314,1.5503759456659985,1.5705689908263945,1.6396372895142914,1.635729016197496,1.6083600100748014,1.69067854615561,1.7676258429692024,1.8454274467828142,1.7901358426165417,1.7292352988476,1.774356304271735,1.8870362994928516,1.921661448789824,2.0136533265703305,2.088457661553172,2.219438496981542,2.2169181272683036,2.3176240127184013,2.3937633892631083,2.335584696786279,2.224053341972304,2.12618144547532,2.3116074621123603,2.504326971740222,2.643364823131856,2.7645217508535107,2.9305091020852623,2.969262039186749,2.8537290553041252,2.9714814922253994,3.0769417863197415,3.2219675813163593,3.4359299725235504,3.379151145475113,3.445617136882324,3.4506563537043755,3.4060395297988335,3.360880662139263,3.1506081885792865,2.9258574955145553,3.228706337990025,3.3865802318490563,3.348011089567609,3.273450833626852
BRA,Brazil,Primary Energy,EJ / yr,0.8061733715107078,0.8790062463942477,0.9088435425761061,1.0573200211724778,1.1586027487244248,1.3973160136014644,1.5168221480015165,1.7400129838628011,2.0679028902381966,2.281248958318535,2.3794025298922845,2.575781435160341,2.725675595832283,3.0092243194360098,3.2156593552777473,3.259710072062458,3.112518587086524,3.254418910551855,3.23096902085247,3.422451161521076,3.6712111824976033,3.9062564198100636,4.0244698999931625,4.158185820292829,4.250743168745798,4.169712898169129,4.310910102401093,4.372433474483942,4.5702514689543845,4.791855246425259,5.09659598791547,5.435855938846175,5.769599805489149,6.006364769576682,6.1055272187943155,6.366358693716263,6.431226403678804,6.49427680908901,6.504770768564815,6.842452185971143,6.986318303881409,7.197043246698117,7.6563496566952765,8.160310099703576,8.003549873423005,8.888233583847885,9.212375640241897,9.635929662104175,10.133115948106878,10.49578595728534,10.397483512484591,9.919283165259086,10.038971930577903,9.934787019681059,10.126122300882944,9.594706418380731,10.25734011570297,10.312073438627307,10.575516264048613,10.714927403717178
CHL,Chile,Primary Energy,EJ / yr,0.2329016224726891,0.2502664264732294,0.25510064625634943,0.25877603967529106,0.2776373256359221,0.2927344565336014,0.315674922,0.31580027018181817,0.30522346363636366,0.3004758871818182,0.26754689863636366,0.2780561676363636,0.29061652027272733,0.30203365727272724,0.3203482155454545,0.32960161654545456,0.329815602,0.29939180945454547,0.3085029009090909,0.3202958352727273,0.3175359707272727,0.3274871884545455,0.3408997026363637,0.39271665472727274,0.4576963631818182,0.4968950991454546,0.5367262505090911,0.5801453576545457,0.6165023367727044,0.6550261655636365,0.7052250726181817,0.7651526767279999,0.8773379031345455,0.9003557695454545,0.9587175304181818,0.9713783561999999,0.9757714478,0.9936274169090911,1.0053126688909093,1.0962135541469933,1.1137187763924872,1.1425303122133417,1.1808791321089036,1.1690372910808455,1.1107526214454044,1.1670547674568574,1.2540584286441616,1.3174019010831273,1.3584328233043528,1.3179217103527079,1.3228395668851607,1.4090551814080534,1.4461290706221903,1.496305489075099,1.5150327853246235,1.3909928488533796,1.5105496548787245,1.5638429439608734,1.5063283306430606,1.5448164250103689
COL,Colombia,Primary Energy,EJ / yr,0.32665644198026444,0.36799969724186143,0.3861767473026827,0.3985691708486193,0.4001057320731845,0.4377160131375226,0.42999217374074683,0.49776957909426295,0.47535421201697353,0.5308356714766057,0.4916097318530488,0.5119629616532037,0.5298065160033602,0.549107213598441,0.5664427639309049,0.5847299776117166,0.5957806987746777,0.6090452530278043,0.6462399376532386,0.6436587272096266,0.6599578027948935,0.6774189402224269,0.7406362490171053,0.7310292468764289,0.7633028077444972,0.7150597044291227,0.7375164928247878,0.8094528156504731,0.8553912822814028,0.9128874947298836,0.9397606332846177,0.9628598846919982,1.009777904896651,1.0303040936361298,0.9246555168535611,0.9136599241983879,0.9197345864953859,0.9060071606686904,0.9145134397112257,0.9619862844808207,0.9396914760572631,1.1060994237049897,1.1204652189339148,1.1690856860195826,1.1891042540220769,1.2684235326658144,1.2900011484525635,1.399371402472976,1.4694402558147794,1.5613831389474226,1.5420445855954994,1.6918401461112573,1.6547453201156654,1.719409162713552,1.7425242219449293,1.5699798920457213,1.6815248678868273,1.8813140181540988,1.861859036561295,1.8847801391512233
ECU,Ecuador,Primary Energy,EJ / yr,0.029410694999999997,0.030797098,0.03328252300000001,0.039600512000000004,0.04196538300000001,0.050329601,0.05533300900000001,0.05791810099999999,0.062282407000000005,0.072753428,0.072825526,0.080786733,0.09720513200000003,0.10020953600000002,0.105157921,0.13360187999999998,0.14951002200000002,0.16401917600000002,0.154694911,0.16287766399999998,0.196384736,0.201795823,0.204919076,0.23985654500000006,0.24750940400000007,0.2564035557955356,0.28621864005429715,0.28528616317300565,0.2910997719314306,0.3149083926585239,0.3049886137161202,0.3437982484104513,0.38676209569138537,0.3892020703940994,0.3462693433099583,0.3212413955632338,0.33041352339320457,0.3228176430169664,0.3346694570757482,0.3603930224037666,0.3883784907277451,0.41221901685601275,0.42371257657587785,0.4420975635401526,0.44361289780332835,0.5033353472339779,0.5220504592788232,0.5492281750853856,0.5771178725697247,0.6075048937085703,0.596088668436444,0.5780332721243215,0.5813214467885689,0.6195090278951745,0.6146834529037855,0.5148954189101247,0.6156862675711646,0.658454121720731,0.6886195874997503,0.6995168316314294
PER,Peru,Primary Energy,EJ / yr,0.1795304620910795,0.2218040713841073,0.22380619113452682,0.2267184971987756,0.22643126862867075,0.2355114289031,0.24261563363636363,0.21322909463636364,0.2434343729090909,0.28221592218181824,0.2985299591818182,0.30298735527272724,0.304140205,0.30228096754545447,0.31198291781818177,0.3352264847272728,0.34796057290909094,0.34787815772727276,0.29890605618181826,0.3140622939090909,0.3030802483636364,0.32677940699999997,0.3575692893636364,0.3483802473636363,0.31452928718181816,0.3114260583636364,0.30109698809090907,0.3037393150909091,0.323444749909091,0.3522463488181818,0.3887286629090909,0.40082577445454554,0.3919737670000001,0.40320014045454544,0.4109533566363637,0.41643200436363637,0.4028883298181818,0.41374265726990817,0.4047166886243109,0.44781309227119515,0.46862168725931175,0.4657499721623803,0.5201532713855416,0.5762465309568706,0.5856539495804264,0.682456360685756,0.7579182470809485,0.7852788234481155,0.8048649817699904,0.8275646399480003,0.8640899798948553,0.9223971572874392,0.9103954275406723,0.95031311852747,0.9754930281845134,0.84186738788052,0.9771070879712004,1.028183535584316,1.0485869717304865,1.1339523266083549
TTO,Trinidad & Tobago,Primary Energy,EJ / yr,0.1210523536325912,0.12879858083384302,0.13729620375040047,0.14153143545491734,0.14595223151528142,0.160850094557028,0.1625561711818182,0.2240584891818182,0.22223545863636363,0.2140584132727273,0.1724796010909091,0.1939335207272727,0.20176741509090906,0.20315117163636365,0.17949212663636366,0.17260575336363637,0.18225968872727272,0.21405852263636366,0.20885299945454547,0.20586486418181818,0.21275809254545455,0.22120973136363636,0.2088314958181818,0.22949871645454548,0.22578194836363638,0.25054175981818183,0.2497853458912273,0.26438972411982375,0.27868679477845454,0.29533714520017096,0.32027983807474003,0.36287459621166657,0.36278015757285964,0.36823718457285964,0.4092701138808976,0.42854022413314596,0.45710299838644075,0.5086070810636822,0.5572030458276617,0.6111779694388281,0.6740018964084215,0.7809685529318143,0.7969213554825074,0.78507897232224,0.7793350270509605,0.8406484064029461,0.8299147693601598,0.8132737012259084,0.8228455892654643,0.8237654887485151,0.7978516866925949,0.7047435305705665,0.7454037043928704,0.6985017644813322,0.7026946767902298,0.609599235821321,0.6232111367862391,0.622967164164782,0.5900857168537473,0.5752648988154888
VEN,Venezuela,Primary Energy,EJ / yr,0.6797003865842388,0.6860762209415451,0.7222111715026291,0.7723983626150867,0.778069534512245,0.7791980516334682,0.78358936382367,0.8260584919555511,0.9498055222796301,0.9735886680671193,1.0060957578955974,1.0943632830334207,1.2170082265955875,1.244917932609278,1.3672305882383096,1.5396382494278382,1.5975181480946004,1.626215680742731,1.6042220604878905,1.622874883544495,1.6540236459605053,1.7712374618691207,1.729647302405003,1.7870013784202234,1.8007932807118334,1.9122460177868195,1.873703121007014,2.0343808455817145,2.007876067012622,2.1814780606789883,2.2561562649166342,2.1725446985065813,2.2942177635579823,2.2982488981711944,2.2077375725813266,2.336202005948655,2.51956728386394,2.525780705240654,2.2283875655447263,2.4663851569551496,2.539938513844342,2.8214168466260774,2.9660650532649844,3.0361169157038987,3.0848293811474554,2.955201174806057,3.109222761657675,3.285148921445177,3.226439754684514,3.1524463918781818,3.0334674672273856,2.8235716818135153,2.7232395387814634,2.2335418899255557,1.9949235348267922,1.5067987117026072,1.7797285476573248,1.929281704873412,2.100239655593593,2.0981951240694903
AUT,Austria,Primary Energy,EJ / yr,0.568886476950101,0.5918705602165798,0.5966233110767547,0.6431533975603783,0.6811543779915776,0.7649478546384861,0.792602582159127,0.820778815891247,0.878104556593139,0.8586526561107901,0.8441878766069318,0.902329356385596,0.874180641997509,0.91937144767303,0.9620353377413641,0.9500617713836979,0.9041482214268401,0.8670884822925411,0.8661563176887481,0.88172750335733,0.919534469002059,0.9206910337818275,0.952626440310756,0.9355419020902478,0.9436985840179485,0.9791146927872068,1.0356021891599236,0.9949642406679997,1.0093988656880288,1.0055914475867878,1.0613402038082869,1.110480713271454,1.1145267946111321,1.1380633639832969,1.1260573737084725,1.1264918227028795,1.1793107509457577,1.1844299245414525,1.2370032638220014,1.2642927509753845,1.2935832610660412,1.2826249130577787,1.2525629442769826,1.2629600733612032,1.1958565147322489,1.256042247109737,1.1923698302694772,1.1966092533912258,1.1918698289856013,1.1381521786080475,1.1625919759465735,1.1924076486425044,1.2244616847698924,1.2000336570659322,1.2435957697486983,1.1402329374264024,1.1784839284489963,1.1076793671759853,1.0986644414272402,1.1190468444608688
BEL,Belgium,Primary Energy,EJ / yr,1.4846720905797999,1.4301899744652946,1.5019460656125747,1.6738244702414944,1.8371843179201197,1.9408342270206185,1.9046597155438802,2.02457789890516,2.0519538655392253,1.9811662665204073,1.8682399381073433,1.984649768551567,1.988732785801558,2.075933304505574,2.1348472617584835,2.044558982403789,1.9439406112383857,1.8620665733047386,1.8106399226591297,1.8940843538551275,1.9816872765706761,2.0470609375589053,2.109225868515317,2.151958201780165,2.1667504128296007,2.264432484332011,2.342270379440876,2.336972145463472,2.299368719818751,2.415619657324469,2.445702185146163,2.5981268739621584,2.6270803010693253,2.676404259451118,2.6597441079835864,2.70579267028099,2.684251295143791,2.6763193181853104,2.7814867210184397,2.7940609121033386,2.766054309551476,2.7738951460269465,2.796168146285626,2.8383612754785608,2.6247116627282185,2.7999678267040573,2.609617472986418,2.487571169443891,2.546156920225271,2.3447869271857407,2.350910498985418,2.5697561658127737,2.5864712443796583,2.548848919357459,2.649314577676729,2.3436875721723656,2.6441919746105476,2.467809482490184,2.2673755824061836,2.2509294890872895
BGR,Bulgaria,Primary Energy,EJ / yr,0.417642038,0.448674744,0.523380942,0.591781422,0.656887694,0.7385292830000001,0.7695011970000001,0.792786154,0.820958872,0.8501001453636363,0.9396168151818182,0.9942650485454547,1.0452769399090909,1.0874470742727274,1.1266760608181818,1.1876911164545454,1.172563171,1.206823144909091,1.2140662768181818,1.207886854727273,1.2061165477272726,1.2290738612727274,1.2374182905454545,1.2685629052727272,1.2557877601818181,1.16656384783861,0.9385238970294358,0.8841381326065516,0.9460726290007877,0.9142563138302323,0.9782378510457578,0.9710658969105248,0.9188497296980772,0.8802511852464932,0.773851608564165,0.7766383332176301,0.8117924211764191,0.7863014745561359,0.8061696104570304,0.7792716725675942,0.8400245339251491,0.8594444663814049,0.8352825459327449,0.8287473733586856,0.7231270114953365,0.7448041101578857,0.8067810209367441,0.7585191441795263,0.6920479877042717,0.7418329851787221,0.781668517260055,0.7528159923044844,0.7775664831384448,0.7690884201977525,0.7570162571954546,0.6991287357797273,0.7831628839413637,0.8130258292891819,0.6927760935725454,0.6651431688831916
HRV,Croatia,Primary Energy,EJ / yr,0.0,0.0,0.0,0.0,0.0,0.0,0.0,0.0,0.0,0.0,0.0,0.0,0.0,0.0,0.0,0.0,0.0,0.0,0.8383450335999999,0.0,0.0,0.0,0.0,0.0,0.0,0.33534836753200004,0.2627098963890909,0.25924089760945457,0.2703565043392727,0.2672146073054545,0.2762172433661818,0.28386847941018184,0.2948525397709091,0.3130058377861818,0.3159855103861819,0.3021170438229091,0.31536669042,0.32541928140799997,0.34541678605200005,0.34626978366763633,0.3461542613727273,0.344526902404,0.359281732647087,0.35037613171296417,0.3351855390983488,0.3305066120043637,0.3068510901323636,0.2828775395229091,0.2889526001218182,0.2854153912916364,0.2833658206963636,0.2928911065803637,0.3015008538938182,0.2990615176483637,0.30344317068254545,0.28713086383957065,0.30135101302749323,0.29187127636025334,0.31420668009268005,0.31204118868280695
CYP,Cyprus,Primary Energy,EJ / yr,0.016848902000000002,0.019219076999999998,0.020834117,0.023138106000000002,0.027323257,0.028817385,0.034374652000000006,0.038653286,0.041469013,0.036767103,0.030708828000000007,0.031223014000000004,0.035269141000000004,0.036160147,0.036694199999999996,0.037003193999999996,0.035482296999999996,0.042529651,0.044750447,0.04540496,0.048835367000000005,0.050916378000000005,0.062210971000000004,0.064242021,0.065923317,0.06938832900000001,0.07024376400000001,0.08206804800000002,0.08528464000000002,0.08543649700000001,0.09083042300000002,0.09217734400000002,0.093065842,0.09880778000000001,0.103970444,0.108939979,0.11019475,0.10866937100000003,0.11551788200000003,0.112416995,0.1259678516,0.1238738484298549,0.12593720887807902,0.12905017982962522,0.12596898316427402,0.12233842450218603,0.12058247304744252,0.11245064686545454,0.10004707777454545,0.10018453109096569,0.10291014901590308,0.11197291529418184,0.11502091188347811,0.11439022991909092,0.11425233293245456,0.09863921816,0.10323594521809094,0.1092145257021818,0.10960689536254546,0.11270935411046538
CZE,Czech Republic,Primary Energy,EJ / yr,1.6718780312000001,1.6854038018400002,1.6604275083600002,1.73527491588,1.8114811216400002,1.88468806208,1.984813558,1.995738414,2.0089767490000003,2.025402144,2.108698578,2.170435903,2.23847681,2.2709567180000003,2.2918391810000003,2.218107285,2.203890876,2.180650982,2.184398030181818,2.2608029436363637,2.263326549909091,2.289842984,2.341778960818182,2.3554218231818185,2.2866435419090907,1.9688335633829093,1.792248529789091,1.7373505080350706,1.7231703140796044,1.6779876051765918,1.7445178455175583,1.8053952525418917,1.7327653437667416,1.684744218096109,1.613386017922524,1.7049542102705684,1.7435592350065063,1.7502794432185396,1.8656460451473014,1.9111283265968226,1.8792956734655675,1.9163497122053241,1.8999215649127275,1.865217558044221,1.7892535009529134,1.8609300566611129,1.8157878112158794,1.8101538344681316,1.7757668532859423,1.7442987686510159,1.7066433964092693,1.681040796866336,1.7839644136653876,1.7834889006802181,1.7426330978838545,1.615633088716364,1.7033257262211636,1.6410608102070006,1.5020415665840767,1.4296466746822045
DNK,Denmark,Primary Energy,EJ / yr,0.5981736558,0.6804306864,0.6842683932,0.7150527395999999,0.8208127534,0.8745928410000001,0.826517474,0.8722631038,0.8439213412,0.7677609684000002,0.7567141672,0.8330615798,0.8500981888000001,0.8624155588000001,0.8606524808000001,0.8383450335999999,0.75296646,0.7196359438,0.6839627662000001,0.6953877928000001,0.7835442308727274,0.8004005084363637,0.7712394931454546,0.7619696890727272,0.7016793894545456,0.7224402998909092,0.8326733897857674,0.7783445090155762,0.8247892975973983,0.8844271277861939,0.8681460672535062,1.0343342096304613,0.9324597479190482,0.8925985719625829,0.8634463979978835,0.8206112151971598,0.8228585218785396,0.8173069251679945,0.8791903242812531,0.8234641805422646,0.7946364904534751,0.877195488188207,0.8270496156113185,0.7983808910487158,0.749451095829859,0.7967485928066882,0.730874257310622,0.6711218473814552,0.6872239930016371,0.6460955218492317,0.6239305737242954,0.6411668807874862,0.6341062973733957,0.6288915119509172,0.6761358181659352,0.5857294032303069,0.5844266892382955,0.5720974590721151,0.5679621515462124,0.5632089267889836
EST,Estonia,Primary Energy,EJ / yr,0.0,0.0,0.0,0.0,0.0,0.0,0.0,0.0,0.0,0.0,0.0,0.0,0.0,0.0,0.0,0.0,0.0,0.0,0.0,0.0,0.42642940338683977,0.4243782708751901,0.4307988593041213,0.42347831347133397,0.4364102058191719,0.4593060214574227,0.42029957794575845,0.29264375553200006,0.24322476513999997,0.246740653724,0.22379180037745455,0.23764115739854547,0.23409446293127273,0.20999692485490912,0.1934205197338182,0.199719269724,0.20818042516000002,0.20732134608254546,0.22599176863163636,0.2305621149501818,0.23154491047200002,0.22863038599854546,0.26471946795272727,0.24321039764480784,0.20976927592559647,0.2609514829129906,0.25968835748380126,0.260986011902,0.27500614209818186,0.26261590156363634,0.24200548895436363,0.2503374391101818,0.27733182258872724,0.2755486376849091,0.2205530800090909,0.20380943654818184,0.2137087034027273,0.21954198941018183,0.193582849942,0.18733655501717014
FIN,Finland,Primary Energy,EJ / yr,0.3495558181807273,0.3997800364229091,0.41577762030945453,0.46621516711199995,0.5321005785876364,0.5870508587272728,0.5964449510909091,0.6350310097272728,0.7058663707272728,0.659086655090909,0.6744896712727272,0.7397426264545455,0.7690023949617225,0.8185302564354069,0.8851072152775119,0.8856442922057415,0.8759381180334928,0.8693652482918661,0.8574532063301434,0.9000969777129187,0.9549062178851676,0.9663556934497608,1.011824972555024,1.0076459814928231,1.0143659830382776,1.0975209879459429,1.1083774826240191,1.0908630388049305,1.1124235988193336,1.1831319559328604,1.1162056703655314,1.1773682795784575,1.1920976976843054,1.214799066718438,1.2064153144457803,1.1995186092363637,1.2406929477272726,1.2658447859090909,1.3702573462909091,1.3283953484545457,1.2116762270462638,1.3216541698713908,1.3022722252716545,1.234876828989955,1.1695384138753295,1.2758525004483001,1.2032750167474704,1.143295877365652,1.174156077183834,1.1277786215340224,1.0982403004478902,1.120486941125526,1.0923127455697856,1.1207003170733736,1.1029599918909092,1.0236447404363638,1.0471371437127273,1.043716608687273,1.0846310110036366,1.0554698929643926
FRA,France,Primary Energy,EJ / yr,4.520158700073455,4.588876091388727,4.944174600307273,5.185163984340364,5.718882807888727,6.197642719157818,6.484907870749819,6.929961153267273,7.563303205686545,7.358108141590544,6.91120806306,7.423508399928364,7.385385276014545,7.740502627138911,7.992591430561092,7.930304435367636,7.819039134415637,7.535304282592364,7.745613199644364,8.08784534558291,8.413965923057418,8.635011692660436,8.787507624851019,8.872376074732873,9.217146843950838,9.376736378210035,10.025951649643972,10.036417324072465,10.07115867269486,9.862554364705357,10.200384091418522,10.653449133773687,10.500037008748677,10.764110760021556,10.841650196434209,11.042957221855383,11.11414386730881,11.16765445286939,11.335644388617785,11.466506581052544,11.459900839083163,11.359276787322589,11.166195376310279,11.178743035748438,10.566296888039824,10.899118740974975,10.6620581164444,10.53897909897117,10.58839379145325,10.21366992870238,10.353231167655927,10.08283949087394,10.104246088695971,10.159077951210179,9.940821097747941,8.771072528254143,9.409154318137434,8.265859070914823,8.57392474699576,9.007306190301708
DEU,Germany,Primary Energy,EJ / yr,10.575319475355554,10.59385870937652,10.573484882597231,11.295655228103247,12.218013611775357,12.880102975122066,13.025741392360032,13.485778684808762,14.25496959486464,13.990043219622326,13.448357132008157,14.383055310618175,14.329922513097056,14.848153072080631,15.684248189924716,15.164326530887887,14.690168856618879,14.176515554038502,14.388093435579492,14.94242128863756,15.417856659618323,15.275618311735066,15.402427427125382,15.467120943115379,15.319155912262717,15.07587861309091,14.715356928363637,14.409679914368155,14.33723634512749,14.190137189314475,14.252550407366918,14.74502700532687,14.553855484947599,14.41564262834514,14.200277088567141,14.23082279894015,14.517511423753623,14.3003663652926,14.321432631906562,14.2682961811352,14.095951300311551,14.43800856048011,13.735889578767996,13.895446816048965,13.023992039075008,13.559542634563638,12.931917912472727,13.033091137654544,13.386983305854546,12.784192833927271,12.89363126510909,13.11150340982159,13.33959281095,12.934319753743093,12.500781348638183,11.520405557933408,11.992407083677865,11.30807360931539,10.137278350796358,10.136223019781978
GRC,Greece,Primary Energy,EJ / yr,0.27928309600000006,0.299752108,0.331736876,0.347260159,0.36252091900000005,0.40033459600000004,0.480393972,0.540999425,0.6284996580000001,0.613241811,0.69964681,0.775427997,0.8043436690000001,0.811206486,0.705808397,0.699999189,0.683460768,0.691971576,0.704589936,0.732732209,0.775516257,0.7741772940000001,0.851896412,0.903486154,0.9840580910000001,1.021847940148227,1.0274892225843482,1.0522488829979642,1.065502247677843,1.0817446210496164,1.1153560451119753,1.138382151407652,1.174954538496,1.2505024220522272,1.2434442237378434,1.3137924266890662,1.3337421263284042,1.3310217569596114,1.3942909439323885,1.3943185827931313,1.3963504049312725,1.4303730518539066,1.480533345912575,1.4453677274185295,1.3756266020637309,1.2961284169640948,1.286255418933329,1.19505561448465,1.0939714414438593,1.0347693388610086,1.0329707365254341,1.0167583254309658,1.0790446799581825,1.072641396060818,1.0481274221759092,0.8966595267601818,0.962908949572273,1.004691765968686,0.9643590938939872,1.010992369497746
HUN,Hungary,Primary Energy,EJ / yr,0.66538311,0.674161754,0.643435036,0.667554172,0.714875514,0.7702828880000001,0.795272905,0.8210258050000001,0.889187022,0.916570501,0.969839781,1.036194587,1.089677035,1.1655633920000001,1.154109579,1.15783057,1.1457080990000001,1.150857244,1.1327526378181818,1.1642007083636363,1.203577709090909,1.198635442909091,1.2543874367272727,1.2273033492727274,1.1961863208181818,1.1719854155356682,1.094990032227921,1.0512986738795413,1.0122114377208145,1.0294948820047107,1.0410354570935656,1.0604491513547036,1.0348516039468643,1.050671524035852,1.0500860138148025,1.0194377860976631,1.0449151451207075,1.021435299791199,1.0323095773444209,1.0496548775540622,1.1207628848585782,1.099691203625856,1.0868370394403704,1.0719731422161116,0.9961636568940951,1.015077825139478,0.9852443471652447,0.9195247458626433,0.8729060392463717,0.8744861889940112,0.9214057088739873,0.9380757137828373,0.987908755402335,0.9945118016962775,1.0037665727818181,0.9821774949425455,1.0239778998345455,0.9583784254101818,0.9046345506527274,0.9132660376326502
ISL,Iceland,Primary Energy,EJ / yr,0.022785072023999993,0.024231729335999996,0.02368463018399999,0.025164684775999993,0.023949342431999997,0.02673164095199998,0.029054266279999987,0.031622795479999986,0.03732384867199998,0.035027171735999986,0.03366787299999998,0.03432762299999998,0.03598961999999998,0.037787679999999976,0.03938937499999997,0.03854343999999997,0.04149590979999998,0.041739672799999974,0.04281374439999996,0.04511408919999996,0.04488590179999997,0.047706997399999965,0.04994545639999997,0.05240530539999996,0.05499837219999996,0.056108435599999965,0.053897381799999956,0.054563116,0.057155396800000015,0.0578372118,0.06009464900000001,0.065901092568,0.06802740956000002,0.080118339412,0.09939877880000002,0.10899120100000002,0.1126153878,0.11460063975087204,0.11436021593727962,0.11905551973835433,0.12540205953871514,0.1621946660049977,0.20071831110859964,0.22838228470538258,0.24361514443701598,0.2404365222077144,0.24822424115260983,0.2656682760304608,0.27088611510492017,0.27136779773182385,0.2698549375674657,0.2753740773709194,0.28573391221163696,0.3188148651837159,0.3105125473540468,0.29252838996554636,0.2943597094828362,0.3069362978204975,0.31110828428220433,0.3098576467262005
IRL,Ireland,Primary Energy,EJ / yr,0.23695046599999997,0.26692189499999996,0.29015683600000003,0.339588457,0.342041778,0.26724005500000003,0.280163323,0.2944222,0.310023561,0.31447017,0.29563606,0.301379345,0.3204243,0.33388611600000007,0.36781343499999997,0.35562859,0.34670437,0.34458188700000003,0.33966881,0.336651202,0.352436922,0.380537046,0.386554975,0.38337109,0.39638481999999997,0.4194802927635076,0.43560623125111764,0.4370763506654277,0.44675860059078687,0.4647524676392275,0.47589874724536074,0.5025309954547272,0.5194526031052888,0.556805846811183,0.588602929088275,0.6163209653898338,0.652858411487659,0.6438464529655276,0.6294300030169424,0.6405339264498324,0.6656554272325275,0.6837954240315935,0.6929956239668404,0.6848259687794839,0.6107570759201945,0.6198697905200654,0.5805310618590065,0.5724412091677218,0.5617673034625246,0.5560811250845074,0.5808163560858927,0.6126131670991718,0.6079480998139488,0.615922854710529,0.6101629625264657,0.5606424337887279,0.5842909213512231,0.5997986394512724,0.5717813731876364,0.5767289856699515
ITA,Italy,Primary Energy,EJ / yr,3.110900600181818,3.3920356044545454,3.701797306181818,4.017991403090909,4.353948981818183,4.834803837363637,5.109328724363637,5.350531918000001,5.617937157727273,5.614739914636362,5.4696570560909095,5.799015598272727,5.733527918454546,5.922007291272727,6.110803259363638,5.9565814468181815,5.842373345272729,5.737469651818182,5.611236583454545,5.699301012545455,5.6763914606363635,5.839186830272729,6.030510978181818,6.178209169363636,6.411082353818182,7.608170594719273,7.310925907072362,7.355589428897092,7.250440948807273,7.2043296519698155,7.625053712507271,7.635147377124727,7.717841440503638,7.743462609516724,7.763912872870546,7.365305820379273,7.328472079753455,7.401760025843637,7.688010674904363,7.848406165512364,7.880977420510183,7.8746380901836375,7.7313266856989,7.577839171567029,6.953964713909974,7.163465981620613,6.9959683312885526,6.732084000694995,6.293147200859694,6.094681644417285,6.264550335115629,6.2648704036740614,6.338087968343585,6.319688138039803,6.244383962257493,5.604490908160349,6.0432388315030385,6.0214813129134885,5.649303629803229,5.6000663192055375
LVA,Latvia,Primary Energy,EJ / yr,0.0,0.0,0.0,0.0,0.0,0.0,0.0,0.0,0.0,0.0,0.0,0.0,0.0,0.0,0.0,0.0,0.0,0.0,0.0,0.0,0.3616538733434662,0.3344259418668335,0.2983819969676846,0.28506362421917675,0.2807262992148556,0.28012261563775825,0.2637671137418603,0.1885286387185841,0.15782352532366195,0.14920379982646326,0.14075875465367343,0.13716853675197105,0.13048624016943466,0.13432745635748633,0.12054681656593064,0.11710472767535018,0.12769141976693515,0.13162315016302795,0.13115036786182607,0.14391239138538317,0.14788337043224542,0.1435083185879248,0.14834594767988757,0.14709739732005733,0.13603080089206776,0.1570050020432047,0.14189621761235666,0.1425824999189546,0.14137709149012623,0.13437441834667666,0.138880420173148,0.14538998570754702,0.1498424943953502,0.1427084875219697,0.1490684976099091,0.1315870824683895,0.1379527129879091,0.1207360487108182,0.12160717313709091,0.11711251619130304
LTU,Lithuania,Primary Energy,EJ / yr,0.0,0.0,0.0,0.0,0.0,0.0,0.0,0.0,0.0,0.0,0.0,0.0,0.0,0.0,0.0,0.0,0.0,0.0,0.0,0.0,0.6543034457790851,0.6043739631465768,0.6326255526878106,0.6661337197665551,0.7237095722193906,0.7147411074545456,0.7530274958545455,0.4808453511272728,0.37803809554545453,0.32292769654545456,0.3633062041272727,0.39726315025454545,0.36783221869090915,0.3946927123818182,0.3213563363454546,0.2860476951636364,0.3316211400909091,0.361952116,0.3795896286727273,0.38367111761818185,0.3470943724181818,0.3295328545454546,0.3644516827090909,0.3605499536000001,0.3339732364727273,0.23334398536363637,0.24117108127272727,0.2408969670181818,0.22082837685454546,0.21327205634545457,0.22302800329090908,0.22635936103636364,0.2364815021818182,0.24532324416363632,0.24243738877272727,0.24111583420909088,0.24086987601818186,0.22040800308181818,0.2252760549181818,0.23321939478297846
LUX,Luxembourg,Primary Energy,EJ / yr,0.149885815,0.1436581576,0.14140691960000001,0.15297631,0.1647622326,0.1710450444,0.1646970166,0.169784122,0.1800594586,0.18269018259999997,0.15173790380000002,0.152146919,0.1417177789818182,0.14748750016363638,0.15156712005454548,0.13964401616363636,0.11930145163636363,0.11180599843636364,0.10448687594545455,0.11258219292727273,0.11573629083636364,0.11301439394545455,0.10667518840000001,0.1093974770909091,0.12591646272727275,0.1332440668052679,0.14314351476482376,0.14365416045869756,0.14556727111161066,0.13982236368354217,0.12153323552259804,0.12520569974421583,0.1223551517249723,0.11785823336507686,0.12475811056075556,0.1328773873345204,0.1425156846794599,0.15602156862994987,0.1637823000032946,0.18534830799412755,0.18807108496391858,0.18455872125099118,0.17908750181635405,0.17771189041526153,0.1700652594472325,0.17919215798186558,0.17473445649487687,0.171233530746764,0.16272347712789645,0.15758243823419424,0.15299286133144505,0.15085667812394848,0.15701238961460856,0.16426351101691475,0.16702139501545454,0.14219368555354545,0.1518461494720909,0.13576339959327272,0.13044903310818182,0.13671581330738355
NLD,Netherlands,Primary Energy,EJ / yr,1.4902563370000002,1.5961587620000002,1.6876801009999998,1.8878346835454545,2.105450931636364,2.375527313454546,2.505059392818182,2.9095236796363637,3.095623241727272,2.939720709909091,2.9640903291818184,3.232903091272727,3.174800865090909,3.239162199119625,3.345717793440257,3.142220762895015,2.979466416193635,2.7544473761090345,2.7673969119664514,2.873093862141181,2.9646814045827803,3.111680363763324,3.175201152380031,3.1856703123123085,3.200290330602143,3.2796916345548657,3.3415485096811968,3.3811336208976437,3.4094341953862,3.3723363764593017,3.50919818060642,3.6600621122294648,3.5926717833919413,3.617783652221723,3.5739941152132584,3.619198797682939,3.7589875245383313,3.759947943697594,3.7834488478280037,3.907668845567699,3.9903763998952315,3.904094845452301,3.9659797454145473,3.913193310648576,3.8567514631515594,4.188901274851818,3.982626882951001,3.9124577490359096,3.788367252837091,3.6210251754647276,3.645622725028455,3.7026693557763632,3.713965602632091,3.6127735907339997,3.581175326256909,3.424118066459909,3.4835571379392736,3.215502326561091,3.1040956492069096,3.0230395895077358
MKD,North Macedonia,Primary Energy,EJ / yr,0.0,0.0,0.0,0.0,0.0,0.0,0.0,0.0,0.0,0.0,0.0,0.0,0.0,0.0,0.0,0.0,0.0,0.0,0.0,0.0,0.0,0.0,0.0,0.0,0.0,0.10331527345223918,0.10003643372491769,0.10287871377109145,0.1053285217167538,0.0974941407956271,0.09750091429398157,0.11382075789038021,0.10170838858527712,0.11449645114198377,0.1072285410016876,0.10280893972041119,0.10012144009673138,0.09687217476388685,0.10571340620713918,0.10363847909477086,0.10729386605174102,0.10850110756861797,0.11171578507440301,0.10899286030414601,0.103905261029128,0.106495681340535,0.112566728219377,0.10633024810771799,0.09853778889200199,0.092718602415085,0.0938621023358849,0.09785169284235128,0.09848620624775956,0.09817852228522736,0.10418506330984864,0.0914123904480961,0.09501416759907345,0.10162293641562209,0.10474744359351845,0.09586697482145014
NOR,Norway,Primary Energy,EJ / yr,0.42712539662800003,0.45000789508000005,0.47654128166799997,0.5304457432680001,0.551851453736,0.5931793014319999,0.6069377972480001,0.6412285283000001,0.6694019960720001,0.6539472953520001,0.666233527472,0.7180983929240001,0.6855333906319999,0.7700727578880001,0.808661104848,0.774979272008,0.7865868610640001,0.772048269224,0.8205614481440002,0.838676548944,0.8462945229585456,0.8516676814156363,0.8792750428250908,0.8894183666425456,0.9305119844283638,0.9209119314980364,0.8677517665216001,0.8994692461659636,0.9258885691613091,0.9245951740542545,0.9773019977751274,0.9500160356350545,0.9903996891810909,1.0198890298110546,1.0362055037685818,1.0999030686391273,1.0282465111506183,1.0619979878560726,1.0044931210656,1.0125617959923636,1.0965541001332213,1.0427864774285382,1.104271888981564,1.1033963100842301,1.035160358767495,1.040476810491051,1.044657478757951,1.1206904579972248,1.075744461358998,1.1036331434460462,1.1249995995326183,1.1322534549207421,1.1476695708366065,1.1390648438408952,1.0862033016741126,1.1189672822988737,1.1419817185871834,1.092063843302403,1.116542009794983,1.1159116499958135
POL,Poland,Primary Energy,EJ / yr,2.7874640743636365,2.8419068494545456,2.924711712,3.147812513272727,3.364082399636364,3.5440048263636363,3.657803982181818,3.8590108658181816,3.9318423802727276,4.057436072363637,4.378826962181819,4.616182392636364,4.81155370009091,5.052606760818182,5.128838677818181,5.367574840545455,4.839289000454546,4.931982584454546,4.953735233909091,5.151980053363637,5.26591338909091,5.416808639454546,5.592069879545455,5.484172132545455,5.278888296363637,4.347172078,4.252902554745455,4.065946078090909,4.064132363545455,3.8872090434363638,3.978060872890909,4.176537905475553,4.135218195301732,3.958694336248208,3.882475458505941,3.648087201809727,3.621067353145878,3.5820721831526674,3.7106001807377993,3.732826161340287,3.8064206605454545,3.9808641583636364,3.9563200708381823,4.026348839818182,3.8813632388181825,4.133125936636363,4.146108955181818,4.012104482363636,4.015266678727273,3.8551457640000004,3.8874816673636365,4.046584078363637,4.240596064690182,4.306402305905727,4.164995054514091,3.9800078911185457,4.273438874505091,4.094375297806001,3.8568181964723633,3.8022456484535088
PRT,Portugal,Primary Energy,EJ / yr,0.15126028581818182,0.15911681018181817,0.17127558045454547,0.17714723972727273,0.18705385045454542,0.23577821717109088,0.26119188401,0.28130971780372727,0.3144823949268182,0.3280815732416364,0.33568060467654554,0.343169661528091,0.35705357734272725,0.3738358538789091,0.3982426524125455,0.40706981420400007,0.4197225902457274,0.4437289900119092,0.4533993021921819,0.4625212030253636,0.46673429316954546,0.513684010562091,0.5225679120442728,0.5652359656988182,0.6623037083475454,0.6647312642638182,0.6936966620010002,0.7395953862696365,0.7317731981460909,0.752826738069091,0.8229378519591818,0.8050548047708183,0.8310608783518183,0.9149727442577271,0.9754548474978593,0.9788443444931823,0.9778305413167672,1.014044854714271,0.9891991044688738,1.0043919962361838,1.030982427481629,0.9743738220982909,0.9824524230781091,0.9497014844799763,0.9378717582051926,0.9351703476604397,0.9144179200611349,0.8521733867940452,0.8833401366196942,0.8799091552888523,0.9175249576502582,0.9431347467637891,0.976249051222057,0.944932830130787,0.9184968327827518,0.8057420491529474,0.8026041524015848,0.8132832350180729,0.7863733335130093,0.7682609928568115
ROU,Romania,Primary Energy,EJ / yr,0.9963148759910398,1.0628798106405,1.1838419555041801,1.25972256673596,1.4453035464907278,1.535702721768196,1.6191677984000001,1.6880604229,1.8397957333000001,1.8464682261,2.0130892801,2.1833181003,2.3099488253500002,2.4839367513,2.5294538388,2.5456179876,2.5511796108,2.5346720123,2.5292139599000003,2.5014010378,2.4840891939,2.5521399958,2.6466519128,2.6719879828,2.6845544618000003,2.5664026788524783,2.145224331752,1.8999963459258182,1.836845499750909,1.725551909772,1.879684693172,1.8750110393080002,1.7643587452210907,1.5945138450385454,1.3909670487214547,1.41286818374,1.430415769926909,1.4824130477585455,1.5021496546087272,1.5467225900312727,1.5277100762374547,1.5675189434276364,1.5273224332400002,1.5206669699992728,1.3261432995603635,1.3133492271665455,1.384080845615273,1.3400777623865454,1.2251118802192726,1.2316231684632728,1.2339782161101818,1.2307295166407273,1.2739250196152727,1.2786586599818184,1.2596622350628184,1.2100409394528184,1.2752053807525454,1.184466595094818,1.1545908259854545,1.1593669819825048
SVK,Slovakia,Primary Energy,EJ / yr,0.368949283788738,0.38309367892886104,0.38733060612193004,0.429865928515029,0.452033934229799,0.496385370692626,0.536513706,0.5642681062727273,0.5892255040909091,0.6144527571818181,0.6451332750000001,0.6698586211818183,0.7018172423636364,0.7381199357272727,0.7639851001818183,0.7758221921818182,0.7721449076363637,0.765957750909091,0.7676635420909091,0.8303393960909091,0.8543987129090909,0.851667204090909,0.8690251366363637,0.8746156760909092,0.8862484421818182,0.889182029361818,0.7980713803883637,0.7634947716774545,0.7394601426458182,0.722695461268,0.7286547389752727,0.7383560539923637,0.7254105355683638,0.7321214526101818,0.7382397147745454,0.7646239960825454,0.7869532997198705,0.7934839987915386,0.7836101408192188,0.762577168171973,0.8014245024245141,0.7825901159541958,0.731745103380434,0.7573534982495889,0.6815689171212597,0.7249250050100904,0.7060008911465455,0.6769068081218181,0.689665208553091,0.6456282140141818,0.6554384023120001,0.6590393544945455,0.6965020640178181,0.6892082158309091,0.6628639515058182,0.649088106066909,0.7024223455883637,0.6519720990272726,0.6677963174298183,0.6547500824753629
SVN,Slovenia,Primary Energy,EJ / yr,0.0,0.0,0.0,0.0,0.0,0.0,0.0,0.0,0.0,0.0,0.0,0.0,0.0,0.0,0.0,0.0,0.0,0.0,0.0,0.0,0.0,0.0,0.0,0.0,0.0,0.2311922519818182,0.2273977227818182,0.2117230848,0.2211338806363637,0.23438741659999998,0.24806641885454547,0.25819697372727274,0.26888227367272727,0.2671175938727273,0.26164922672727275,0.25872496785381816,0.27350232484254544,0.2760999734781818,0.2731928592505455,0.2839150579125273,0.28981539708489096,0.2910646702942363,0.2923136267696182,0.3183409919444727,0.28775342466692727,0.29002002070143634,0.28799569361069094,0.27628764524538185,0.2684557341806546,0.26893629684936365,0.2529762900888728,0.2679833714246095,0.27633959101848726,0.27725125093493735,0.2701523061058676,0.25868880729796956,0.2561029465046384,0.24268819600968383,0.2416358349393417,0.25534285083206215
ESP,Spain,Primary Energy,EJ / yr,1.075965717,1.1824525559999999,1.321929744,1.3871097925454547,1.5497221373636363,1.7084928921818179,1.873494325090909,2.0198018874545456,2.282076182090909,2.3721496462727276,2.474122173090909,2.6920123408181826,2.663697829181818,2.6722149730909095,2.8555358809090903,2.988462085363636,3.070991006363636,3.037977249636363,3.110427097090909,3.140397103727273,3.1189039370000002,3.229120854181818,3.350300014090909,3.4575464609999997,3.7485195385454544,3.7056775503390407,3.8293628083933413,4.077164379745028,3.9033544666901916,4.067070596405423,4.262938495662951,4.315049112298956,4.530528837093342,4.750007776384272,5.049339649862102,5.291801738883924,5.427447969258125,5.64012027398304,5.790747844765515,6.017509646685579,6.1679554035180795,6.154767630057538,6.279605611412153,6.072801568747115,5.559143000499522,5.584002777445752,5.553784255068418,5.529944394421228,5.14299219618142,5.075601887279831,5.236287194974304,5.235995414473354,5.417240354379932,5.413399960390201,5.311196402544349,4.632568459430814,4.963075491413185,5.200750736247631,4.997550197321374,5.125990395374914
SWE,Sweden,Primary Energy,EJ / yr,1.0875882322258505,1.188080842688217,1.1979888404566288,1.3067034226442622,1.3553243899670084,1.459169528213077,1.41669368185268,1.4590510960913488,1.522854306045385,1.3961504698828264,1.5081012596438952,1.6504771310769644,1.636058895080836,1.934498333848966,2.036084864667393,1.910932754538328,1.8945567670537176,1.8161932971922439,1.744804569670232,1.847826851813749,2.029281928483944,2.198936008857295,2.066097147926499,2.023965924734178,1.9537038137282805,1.854454460984971,1.9181868134827034,1.8695771909206675,1.8448328910697207,1.9717957542531996,1.966609458275667,2.025581808433713,1.9831497904154598,2.060547793659829,2.0257331132061984,1.8269458020130995,2.0024418847515224,1.9293144364833767,1.8797615756116373,2.046280894453856,2.000401232912546,1.920026693528182,1.9338620418087276,1.9050779228496366,1.7073716166536366,1.8556483062567275,1.816583590600364,1.8677132984016365,1.8228718060127274,1.7954179114694546,1.7645685561630913,1.8225264146547275,1.882696252733091,1.838477737627,1.8592238019860001,1.6544168395424548,1.7766212948265456,1.7227091946654545,1.650740372040091,1.6646643534552865
CHE,Switzerland,Primary Energy,EJ / yr,0.4871166642,0.5121020348,0.5436976256400001,0.5840127838000001,0.6206259546763636,0.6923362489054548,0.7138564010545454,0.7357536030509093,0.8166160833963636,0.7642348090945454,0.7702230781054548,0.7706903838072727,0.8124449551163637,0.820182815970909,0.8320575313927275,0.880225302149091,0.8679067742327273,0.8395223630618182,0.8895676186618182,0.892869958029091,0.9551181653444976,1.0069815610143544,0.9875674306698564,0.9888030178421052,0.9510474906028707,0.9999485508803827,1.0156014486602871,1.0312529633588519,1.0074013068468899,1.047875131478469,1.0073750903253589,1.0106274619569375,1.0563411699521532,1.0678558529904307,1.079125571708134,1.069728355507177,1.1322007432870815,1.0827860642870815,1.0758776060765551,1.081957070419158,1.0401087610585384,1.0835436859819834,1.0763229795266938,1.1022814864317494,1.0809186404837419,1.0970546669125851,1.0354302847794883,1.0660540173793494,1.0885135535960913,1.0421908581144592,1.0064941059431867,0.9550933690763637,0.9605493335783062,0.9820963909955966,1.0186014874374518,0.9202405555940597,0.8475796506029916,0.9195099808272017,0.9458976230274545,0.9740306543828351
UKR,Ukraine,Primary Energy,EJ / yr,0.0,0.0,0.0,0.0,0.0,0.0,0.0,0.0,0.0,0.0,0.0,0.0,0.0,0.0,0.0,0.0,0.0,0.0,0.0,0.0,9.971899440087652,10.009182585107745,10.236352258316131,10.245167456381687,9.810207493135454,11.479708665047887,10.750090089960256,9.105639030218025,7.9602518273877685,6.787476090369271,6.6379438750048285,6.201075646352377,5.972092631411909,5.718068209024131,5.639180820195496,5.68185170947788,5.600310445427995,5.589410185221241,5.7400263734569545,5.71234548312631,5.7868752776387735,5.859510845489827,5.862764239171895,5.655882475480366,4.817228730724848,5.170140468885382,5.363426246201982,5.254597855894639,4.961447060820284,4.425338449659449,3.7105198218142723,3.859310850819571,3.5941682492020144,3.7169274656034474,3.5295030891751997,3.351099000374649,3.4055238721708823,2.244122707229671,2.106028097375196,2.1586030343510325
GBR,United Kingdom,Primary Energy,EJ / yr,8.31642071090909,8.361074169909092,8.36331055109091,8.673082455909093,8.992704192727274,9.169851318727273,9.009214555363638,9.143140664727273,9.593890929181818,9.114095555090909,8.59171346,8.767626430818183,8.938534429272728,8.987048283,9.406811680545456,8.569890832727273,8.329909738727274,8.225170087454545,8.262567462909091,8.261798389545454,8.621152414454546,8.852802589181819,8.839409765636363,8.95809515609091,8.975421932272727,9.039386937545455,9.236920786636365,9.17801853918182,9.298481398909091,9.179673700181818,9.214414739272728,9.67195165390909,9.499212201363637,9.571091539402575,9.521630726305142,9.605091319120142,9.721336948324307,9.498824217947003,9.651908913390793,9.712419566683725,9.790768568479923,9.659326091129254,9.373372878875465,9.189323665012136,8.709280100012537,8.896488676654563,8.34461479496848,8.476861107023588,8.475358571123632,7.948389865120341,7.972257006930216,7.870938291030465,7.805242920871718,7.737320336082351,7.4901310650576525,6.651538432968069,6.7503801700629,6.7291673529900065,6.420235391328663,6.431415698240502
AZE,Azerbaijan,Primary Energy,EJ / yr,0.0,0.0,0.0,0.0,0.0,0.0,0.0,0.0,0.0,0.0,0.0,0.0,0.0,0.0,0.0,0.0,0.0,0.0,0.0,0.0,0.8365746042450848,0.9045372295613754,0.8764153442447343,0.8778161197558211,0.8952672532535725,0.9263035562471055,0.8888699443883528,0.7595077484932249,0.6524371976016259,0.6022202451598916,0.5673705106260162,0.4634381430569106,0.44209540657723573,0.4421775185284553,0.4442622700081301,0.46459157294037945,0.44894306804878054,0.43823733,0.47283082700000006,0.5353703297780001,0.580426673432,0.5740014089259999,0.528302262048,0.5296444338308001,0.4536944319088,0.44034947508460004,0.5077203651987999,0.5289075802705999,0.5458637844557092,0.557989231404447,0.6084850127636364,0.6004618220818181,0.5901854331085356,0.6229555509727274,0.6590520866545454,0.6585848183181818,0.7028345753818183,0.7469042715818183,0.7717690390363635,0.7291857199036282
BLR,Belarus,Primary Energy,EJ / yr,0.0,0.0,0.0,0.0,0.0,0.0,0.0,0.0,0.0,0.0,0.0,0.0,0.0,0.0,0.0,0.0,0.0,0.0,0.0,0.0,1.4688164462089217,1.6768771988195268,1.7012888112520488,1.7257169865186528,1.6690374590159287,1.6773600820399082,1.6735355286260596,1.4577118058599643,1.2162031488543357,1.0158016186556111,0.902401011527823,0.9255847329987609,0.9362159075282829,0.9154654179709641,0.8905660506577503,0.9178064172290159,0.8922720914646907,0.9231137416821921,0.9161950116746185,1.0258900770484278,1.0225333690995506,1.0873625306235863,1.0607711370449926,1.0747312396960267,1.0167234680802375,1.1019812683891033,1.0821167720143217,1.170306198195374,1.0581823442726304,1.0606476867442673,0.9600379427145166,0.9805615824162505,0.9966213554770718,1.102574375617055,1.1074822253008851,1.02760417167498,1.1321506421621703,1.0969031032231578,1.1115351369354016,1.1563853805651563
KAZ,Kazakhstan,Primary Energy,EJ / yr,0.0,0.0,0.0,0.0,0.0,0.0,0.0,0.0,0.0,0.0,0.0,0.0,0.0,0.0,0.0,0.0,0.0,0.0,0.0,0.0,2.828989892538881,2.8976135868706248,2.95695876905277,3.0573905323694186,3.0068828526755835,3.0420368898882284,3.0403837395087603,3.002861506695782,2.6399154857167275,2.3347124521192013,2.096739519314851,1.824741020450035,1.608903933811485,1.515607611310382,1.421858112508117,1.2780331566504,1.44191569016,1.4647898664399999,1.61389100804,1.7116662879611977,1.7639510608076487,1.9045990556156838,2.1166329542714624,2.238947102676013,2.004025545057947,2.149025499846111,2.448544655650259,2.579562284602207,2.5857270001927697,2.717870926480875,2.2316981076165274,2.4884223155718477,2.6841015186355612,2.776514004670752,2.810034081019235,2.5795478828854277,2.8866971565322372,2.872550667635525,2.9633316886609,3.0004648521914
RUS,Russian Federation,Primary Energy,EJ / yr,0.0,0.0,0.0,0.0,0.0,0.0,0.0,0.0,0.0,0.0,0.0,0.0,0.0,0.0,0.0,0.0,0.0,0.0,0.0,0.0,33.34213423305149,33.923329815393046,35.09496174748124,35.7448533537149,35.89031497831963,35.18133954260976,34.678865797708134,33.30763132091292,30.964398539037305,28.127572733608634,26.555408689618012,25.67676931718789,24.206504492165912,24.14871380652504,24.466132487693713,24.906948407065094,25.275076368781356,25.27515162361368,25.891833362601584,26.00933034794106,26.018795465100524,27.242654048288962,27.392047089109518,27.627044364505565,26.17419663422586,27.305315799374775,28.309918646629686,28.50425457699475,28.061295870974927,28.233640405193007,27.84915332262337,28.329201181804606,28.53730435018332,29.59491359130336,29.367955379357035,28.218891231123983,29.142538336364964,30.312006989392437,30.774307837409854,31.76629104744346
TKM,Turkmenistan,Primary Energy,EJ / yr,0.0,0.0,0.0,0.0,0.0,0.0,0.0,0.0,0.0,0.0,0.0,0.0,0.0,0.0,0.0,0.0,0.0,0.0,0.0,0.0,0.5151535227385573,0.6411655346711538,0.6378384557153645,0.6421577305996143,0.659824568183857,0.579607641495575,0.5264025713893801,0.4969246155216414,0.45824194660244144,0.488113068953745,0.375343237439603,0.5689184974037341,0.4432747448754816,0.5062613357724357,0.44377619627053444,0.4689783251001398,0.5468979393207476,0.4692205579380193,0.6046490539063872,0.6737010011843281,0.6308525302705345,0.6481290143744767,0.5974395506616978,0.5576640863607976,0.8158800195320841,0.8883344017454364,0.9610949730649947,1.136033134507993,0.9635126790939278,1.0212909891103128,1.1600418219179378,1.2551324660829701,1.1648085509676585,1.3154079197929565,1.2623778088504383,1.599281293128682,1.601209930962013,1.6983162025118541,1.5783988430390403,1.3361339391326783
UZB,Uzbekistan,Primary Energy,EJ / yr,0.0,0.0,0.0,0.0,0.0,0.0,0.0,0.0,0.0,0.0,0.0,0.0,0.0,0.0,0.0,0.0,0.0,0.0,0.0,0.0,1.6395535708017202,1.613863501265937,1.6680557716706967,1.6767904398950964,1.748653397676669,1.8240132178663073,1.8013394815974204,1.7037794281423213,1.7702223339884804,1.7517718833866507,1.7814188091947532,1.8337205302196018,1.8241121990207103,1.8248312179804342,2.052108528058015,2.0999127544545275,2.1041792175802723,2.1574219899000546,1.9424182366057647,1.95706268105023,1.9758595965803118,1.8503798492344548,1.964607532702488,1.8553583044234454,1.8452450685569364,1.8400183027539099,1.9436381954849096,1.9165936888324948,1.925167390839214,2.0001518083734293,1.9078641310856046,1.833192132585791,1.8884164927286868,1.9054501368639334,1.9179463715430363,1.9140350965882955,2.0438513483446608,2.099817943053069,2.1176196660404627,2.429571062194225
IRN,Iran,Primary Energy,EJ / yr,0.33813380985384034,0.36871803084774574,0.40593384171854324,0.44663193209015595,0.4904974579362949,0.5802813885214563,0.6359955084089653,0.7177239084212677,0.8664035409163556,0.9830742035626344,1.148174592477391,1.2922626908729637,1.4658537986576974,1.4166721984448876,1.5387643390889476,1.42247509255598,1.4241964784533616,1.6107610980740896,1.9218776630818706,2.0833691145573296,2.27662947232271,2.122116077110394,2.2732705444275116,2.3163913680769057,2.5480834940153674,2.868618502397275,3.129321070892193,3.4394821366627215,3.168486986923018,3.582898860019833,3.7499620516238394,4.08108408855959,4.228227028305273,4.3950700394491875,4.757165919921233,5.000749735738483,5.342719560494767,5.799368974344924,5.896525104864415,6.513901422605395,6.88768254713632,7.509177195601698,7.995281284424111,8.314377850839238,8.520591840488954,8.783591492143634,9.125969650337654,9.187704951300848,9.541423505658297,9.949238715601682,9.870417654947708,10.430308538558673,10.791795830745652,11.187108546769252,11.674411772573999,12.182696939039474,12.06736744706454,12.485761405556847,12.816708772059545,12.817470786671882
IRQ,Iraq,Primary Energy,EJ / yr,0.08231944029126695,0.09068510899709818,0.09148677568061475,0.0970840267077019,0.11228619052914665,0.13975195803064483,0.1528834930613495,0.17932236892207667,0.17565814138404848,0.17122013130828695,0.18697322297251884,0.2359564128606944,0.24642533958211596,0.26058150429767774,0.32525833055903064,0.35996726251517625,0.33673355515824926,0.34899825497290604,0.4014948923136222,0.44525589002750054,0.5113730152684559,0.5897265730504015,0.6824014075303688,0.7931271117660131,0.9029847205984773,0.8229685380889833,0.5249441151142655,0.8202359435945443,1.0952964149645485,1.2449099822969119,1.233922824793165,1.2398095572397587,1.4772930651002327,1.1001686721407269,0.8001896293977744,1.1388858505110742,1.2716018089581191,1.201640529989799,1.0619480669189942,1.1346841465106097,1.0769338535960806,1.0455199526858345,1.0577351016235115,1.2260595570148167,1.2038645939839618,1.3890501465680594,1.4368386175177636,1.5611205859258632,1.7186964843476544,1.7001063984240912,1.6808827371637578,1.796161729770366,2.1411038712739323,2.2286822176323193,2.372714807129812,2.114590882975648,2.2046944936941695,2.4305011838317303,2.5740651496492886,2.642322635918701
ISR,Israel,Primary Energy,EJ / yr,0.14762485159463928,0.1535096867324435,0.18624169821076042,0.18958085827725743,0.21426992105109988,0.2287365934658337,0.25957552528121947,0.24589497533110383,0.2621399391688317,0.2632474433630347,0.270508736276709,0.277331532658905,0.29121482777780705,0.3179748319825099,0.3285033682903332,0.3332753657284913,0.33894825371252024,0.3662628170995834,0.36649796943241025,0.38137556958232927,0.35369634054948385,0.3720287949141093,0.3989335406355183,0.4275746306585716,0.4473712621377046,0.4648659302043966,0.4725572028469876,0.551303368789976,0.5987357700059543,0.6246862551334991,0.7025739722144095,0.7280996736120249,0.7961903382139552,0.8378807979307986,0.8683456771589804,0.8183176953868025,0.8178252826214603,0.8341960234024575,0.8595154602345603,0.8762963210526581,0.8804765010913066,0.8852888966843688,0.918147047383135,0.9445717411144416,0.9174492114911729,0.9534793982244396,0.9707366481376295,1.0152160679612248,0.9586132843555573,0.9326997478208717,0.982460392352227,0.9997737383554541,1.0182395882109123,1.0406830763203105,1.0702153777530254,1.0062041574018967,1.0254407614955348,1.077062639268132,0.9794445082448802,0.9448645294965995
KWT,Kuwait,Primary Energy,EJ / yr,0.28519760811064615,0.2983731920596695,0.3036903402326736,0.3195959426109543,0.32737255178672114,0.2642670981421315,0.263364451,0.291449826,0.29039094600000004,0.27864386399999996,0.24842460300000002,0.296274445,0.302901369,0.33268699700000004,0.405818023,0.305006639,0.391351553,0.384920917,0.42492052700000005,0.452815915,0.43399831399999994,0.496974233,0.45905835899999997,0.518377137,0.5581809999999999,0.329373613,0.166034511,0.294030958,0.360622457,0.42096419900000004,0.541979135,0.536472363,0.558184518,0.6875413419999998,0.7137544490000001,0.7853828210431526,0.791354559885476,0.838331527031531,1.0012077329951186,1.1156214194658904,1.228900797164013,1.1830797308385788,1.150791799218357,1.243101961399071,1.2605806006654738,1.4580676458314599,1.4756798783447036,1.5220804066971017,1.6149057223294678,1.5740248098574323,1.6871754498107108,1.6771424793821832,1.6808495051398251,1.7362488316045452,1.5939413078135651,1.5105091395195722,1.688290937321752,1.6866035509452781,1.7953170330415802,1.8896769467369232
OMN,Oman,Primary Energy,EJ / yr,0.00035057,0.0004387,0.00194754,0.00234687,0.0033426399999999996,0.00336926,0.055697409999999996,0.06363798,0.05535329,0.05086037999999999,0.046456910000000004,0.053483029999999994,0.051523808000000004,0.059912555000000006,0.069023617,0.06141016,0.064900791,0.070098783,0.08082204800000001,0.10021646000000001,0.118524482,0.12776412,0.133153673,0.136783015,0.143164436,0.167831577,0.219016015,0.217169793,0.209468265,0.19630603347459977,0.22992362871691777,0.2358615493158584,0.2429671006413172,0.24924797599191692,0.28322778084518596,0.3994547400176665,0.4434917392642001,0.4721800378655934,0.4900629116096984,0.5092250864379455,0.5620423383799285,0.6141130361778209,0.6193965297104517,0.7236196342504951,0.7179191850150956,0.8534982057898949,0.9355109282723635,1.0204217498599863,1.1434240598816432,1.1374791017914014,1.2147054531162453,1.2190942740740736,1.2668038201674172,1.3535330498629403,1.3441238337387225,1.3006554297152648,1.4293640543742832,1.5170705034272989,1.5555860775717685,1.5970741290435306
QAT,Qatar,Primary Energy,EJ / yr,0.005079899000000001,0.005114512,0.007327358,0.023182431,0.036427104,0.041492474,0.04133249,0.045723369,0.064875657,0.056563846,0.08440325200000001,0.054216505,0.07553955100000001,0.07246245800000001,0.181317838,0.1921313150611304,0.18381316032508327,0.21359885327717906,0.22267568967695398,0.25347686485922116,0.23799605198190987,0.2594554969307413,0.2514711579307413,0.26474295984737745,0.27988387802294445,0.283815581543927,0.3269261533510336,0.5194532741190276,0.5556926230331676,0.5640035056707966,0.5621327133154412,0.41457287713784,0.45320620453685817,0.4880008774902946,0.5432324173021612,0.4854401210147407,0.46666068549654316,0.5828379801470488,0.5890313979941754,0.711251863875374,0.805221152263848,0.8833131469276961,1.0074964303485265,1.0388060197423519,1.0381043057304464,1.2074248644006766,1.4153434413452568,1.6144043127605938,1.7413503009178066,1.8617181776453147,2.14338299030747,2.1113326702918576,2.030529682417659,2.0639421622342815,2.106634196237559,1.8479737438705157,1.9549229759699727,2.032365399178089,2.2201496531897384,2.342705744100668
SAU,Saudi Arabia,Primary Energy,EJ / yr,0.8465023780000002,0.8579577400000001,0.870353602,0.8838649709999999,0.8987859690000001,0.9462796289104045,0.9477788342851317,1.0158086422428725,1.0836012723850843,1.1496735707598111,0.9117390709034694,1.0540594980648634,1.2447450269106421,1.3872086281182303,1.680635832444297,1.5116987335623722,1.80445226527584,1.986670569444623,2.152735282632254,2.5750729552528338,2.6270416679870796,2.8247723243040928,2.9942569912060084,3.1329884460220843,3.0835629526043666,3.34201332618329,3.5008280866720747,3.5343227032758753,3.6102611579759705,4.174489582725805,4.068021105598917,4.206790291484871,4.284896461204896,4.509277151947913,4.591549171121681,4.805566572488405,5.120396719647669,5.332977700812904,5.6490876475239675,6.1288115543406585,6.519981161931708,6.840611965458848,6.998605447021793,7.662466129182789,7.938493655136568,8.823958185001278,9.206213697824971,9.770997295820537,9.83212963899152,10.553899590045711,11.003572422789798,11.44716123757688,11.454131983922895,11.165877700721897,10.682177404472037,10.393540103849135,10.731846199523646,11.329622567259182,11.496613357274237,11.790423540969169
ARE,United Arab Emirates,Primary Energy,EJ / yr,0.0030763193254856403,0.0032833481975050897,0.01946432143335199,0.025000967014148216,0.025088130540443856,0.03458012840433941,0.05269691,0.05634054,0.0730552,0.08026384,0.08589315,0.10868485,0.1786734,0.207002921,0.24321738099999998,0.389363098,0.453342131,0.48947755,0.46985498600000003,0.5851684269999999,0.725880717,0.8797940230000001,0.98307752,1.08677705,1.2245938120000002,1.241829713,1.515014778,1.4641044369999998,1.5244932770000004,1.672826885,1.745535614,1.798876522,1.8772430500000001,1.922806354,1.9381283070000002,1.928814821,1.9496376747160002,2.130095299776,2.2721590665600004,2.430235427412,2.536553056504,2.668654647952,2.9460999118920004,3.378241947848,3.3320299322399998,3.500852306232,3.6752217603982196,3.86660720225,4.074548219525547,4.086569842851971,4.402996304549767,4.570246386081871,4.3602084098910305,4.07240774789352,4.3611930205521245,4.238665604250666,4.451485746854099,4.866231030045832,5.147181523379659,5.4750963968780475
DZA,Algeria,Primary Energy,EJ / yr,0.08657946700000001,0.104896063,0.09880214800000002,0.105275525,0.118197783,0.128245845,0.14071334500000002,0.15724490100000005,0.186404481,0.208570719,0.25102003500000003,0.292827033,0.32287022499999996,0.40634000900000006,0.5326946180000001,0.635904,0.772091722,0.8898289840000001,0.973824376,0.933521891,0.9397165070000001,0.9972046950000001,1.0230896299999999,1.098229315,1.067853568,1.1329543290000001,1.12147807,1.1514148039999998,1.070295,1.085746485,1.125961678,1.114777943,1.0717667260000001,1.1085416570000002,1.119732861,1.0794238820000002,1.118445332,1.158628157,1.2111069079999999,1.257499828,1.31485240764,1.3637465307000003,1.437216195617942,1.522960853023,1.6136864439999998,1.5792841507272728,1.6697823600909092,1.8252070437858032,1.93253298,2.1070772000449627,2.222034457594751,2.219802982460696,2.2438073645384122,2.4071593761171557,2.4959213501888007,2.3324145413710795,2.5442013493190845,2.6400229683888794,2.8207941472049125,2.732842343072111
EGY,Egypt,Primary Energy,EJ / yr,0.31782496328000004,0.33440697392,0.2834500648,0.29968236336000004,0.23603535751999996,0.29611922224000004,0.302808770364,0.339077909976,0.31855800005599993,0.360242964684,0.39958251631200004,0.47866036083999997,0.516905314496,0.5433124994,0.602205809708,0.6929257197600001,0.7959893310880001,0.8944796105880001,0.9777731188800002,1.0737604419600004,1.11940886146,1.14753039488,1.2206771679800001,1.240554801868,1.306446416664,1.338643998876,1.357297798948,1.3444112010079998,1.343382897648,1.4120385412520002,1.4973047618120001,1.5796898606000003,1.6468727819320002,1.7158280370759997,1.838024568676,1.9462655408800003,2.0341257298720006,2.0987316923,2.23509816398,2.3650527091781814,2.4296515669799996,2.562960000461818,2.726576363421091,2.890179946636727,3.006424380645818,3.1304276720436364,3.2980146561294545,3.437921816968,3.411599577081818,3.3731514355999996,3.418789827168868,3.614860227029387,3.7662259245053287,3.7628388243517703,3.6648719296304453,3.4168901692907285,3.676545562778249,3.8518598551905314,3.798514544283326,3.904635038469093
MAR,Morocco,Primary Energy,EJ / yr,0.055393673560170165,0.07676098927811348,0.08213700097868443,0.08777451995903918,0.0947946667844444,0.09986753066719811,0.10549924018352,0.11435995344012483,0.13112448545590208,0.1397309468796719,0.1444385711669059,0.15727029547319293,0.17466922257956838,0.1856381318597911,0.20702469045910804,0.2081184267419842,0.20500668747960593,0.21466829843475474,0.2211473954380967,0.2249556177847189,0.231666031776,0.23859649362400004,0.24462195003600004,0.25795835430800007,0.282898183512,0.289325643908,0.29305634546799997,0.33081399833599995,0.338036214192,0.37011799918,0.36452200960400005,0.37182144932000005,0.3861985799840001,0.39864285713599995,0.420759009716,0.417358822792,0.449408512648,0.46117464363636373,0.45837071159852594,0.5226994643263637,0.5729459778963636,0.5850481513063637,0.5798517419963636,0.6405595570963636,0.6137429648129636,0.6754648247358037,0.7200114557796277,0.7355251902347877,0.7454795048994335,0.7593789558072036,0.7682197872262829,0.7786035917018949,0.8167897759536002,0.8377416360591603,0.9139213575421822,0.8399079994496064,0.9321478150971098,0.9251534588869399,0.9315939832103477,0.9451573935530864
ZAF,South Africa,Primary Energy,EJ / yr,1.2749619609999998,1.2828905610000003,1.3359742940000001,1.4099794829999999,1.451785223,1.517144268,1.633706033664155,1.6826298558928046,1.8096378544951728,1.8607654216838467,1.9843770045518074,2.0661500440913514,2.116640588633742,2.096190175009147,2.170293051414197,2.3181223991166022,2.6952886671947174,2.9042178788002637,2.9458394842141704,3.222656667801537,3.2916947536061802,3.3487993596699215,3.400111486551502,3.7372844627321333,3.572863474283867,3.705556314209876,3.6724901219395467,3.698485739378308,3.694935494896128,3.8486759349572846,4.027175468002444,4.101990211272011,4.189907728968131,4.1201594236147265,4.265160683084206,4.2683083727122835,4.285353668078958,4.175202672668787,4.53389108639925,4.947891646011798,4.679667756416972,4.764951856285731,4.897492059485612,5.2617815071990925,5.237751918431996,5.280294517486233,5.20378435834742,5.138001904852219,5.162246756729848,5.209921183635016,5.077239327063779,5.307598373141753,5.266835184998147,5.029651097880249,5.257621508103808,4.985754902259298,4.99103611053992,4.763934712747353,4.833778645931911,4.82120141824298
AUS,Australia,Primary Energy,EJ / yr,1.478388013509091,1.5540530028981818,1.6493819110036363,1.7499205917963638,1.8193969361454545,1.9805595725592728,2.074482363688691,2.1723839036049455,2.3229286085916727,2.46484986544,2.5008687953277455,2.5967192212894,2.733817323296,2.816768906582075,2.92803975126684,2.944190321804138,2.9901318813763575,2.969440322469448,2.943993490025555,3.0441479988358062,3.128176465100057,3.185598451169999,3.278951867934388,3.431316748920083,3.606074920758242,3.6794598835828882,3.6474440513208775,3.704726678992505,3.788037378822344,3.937638489363508,4.044673889952203,4.164010759854817,4.26899914414234,4.3744829135319545,4.554494912986079,4.581133290524734,4.620064352223957,4.714274559524542,4.781997029005927,4.942239140350899,4.961999028396594,5.178447069232364,5.314385347279237,5.41174188575499,5.320700437446189,5.304482883517453,5.431934280405232,5.35783640114786,5.398224484408914,5.457484071481607,5.568025063753593,5.552654599785979,5.552193431607443,5.579251488985886,5.742074986576442,5.349159509688689,5.289365661707229,5.489551960298398,5.435964847301163,5.470151557702548
BGD,Bangladesh,Primary Energy,EJ / yr,0.0,0.0,0.0,0.0,0.0,0.0,0.047031863312399995,0.053453264752000004,0.067796964072,0.072975609412,0.073720302336,0.08613453120399998,0.08849882246799999,0.093721277336,0.10312612062,0.12099404692,0.12821967650637497,0.142624228728625,0.1400207949044,0.150073570796725,0.168580398165975,0.18596135010365,0.2051020197353,0.22771945681574998,0.244129740806325,0.25965512907107496,0.2506127483541,0.2741500423432,0.30328525888445,0.32051701648740005,0.3829702517674501,0.39872249797127496,0.41934145794997507,0.44591898873405,0.4512787049427,0.48521583462401136,0.5535409886525817,0.557265877813416,0.5892246539946479,0.6266775519114249,0.6798213177079502,0.7361340709955827,0.7572834786821312,0.7962832775237964,0.8803354838759194,0.8988798986355409,0.9715085692092074,1.0562021434321947,1.0978912474454667,1.141842976270164,1.379223288132303,1.3854111167071212,1.442718512896545,1.5419952647104045,1.7301225240409228,1.6399705879334654,1.7653108278451686,1.8355552413195337,1.8146182385908283,1.8911638784095626
CHN,China,Primary Energy,EJ / yr,5.374622395424779,5.851091613946549,5.267286652567434,5.298979674176991,6.478804661167787,8.332768897122833,9.875607345404248,10.635666203509027,11.213363894047436,11.538735445580532,12.942345542810266,13.63802179999115,14.88552596314938,16.37078280663292,16.836488158628672,16.9689448207841,16.688308282082836,17.39247528952548,18.462892337424275,19.854897066955118,21.490450193823833,22.53267189990867,24.316172944259122,26.11249739554384,27.376960928882013,27.686203375477547,29.138332760483106,30.666429749731286,32.980124414086404,35.00629416088063,35.93256415749736,37.95374554355348,38.16119291745626,38.20943699604892,39.61323071632093,40.92281008058958,42.96631098599443,46.916565467131434,55.03977977216962,64.27841920769848,73.07484408961254,80.11200056092252,87.01715441851975,89.51414049994747,93.6991107134699,99.8207936693031,108.07730064158312,111.49486286983952,115.45667830607476,117.55999423342304,118.57299534915406,118.50264856370362,122.82644104433544,128.4298387582794,134.04697848112238,137.97897516393806,145.2345568689809,146.5582271164837,154.68425350711172,158.88335297588344
IND,India,Primary Energy,EJ / yr,2.0949909891356304,2.157277591924678,2.2125664031895385,2.3522359795286243,2.6078795006922606,2.5359453571155575,2.62526867346924,2.781447280214456,2.8302160733271835,3.02168367901384,3.2212568246043713,3.3795169211748535,3.564255167323756,3.64131072167849,3.8786544109016994,3.9980620754922307,4.44288688176931,4.460003851425455,4.721842654880871,5.027908700240864,5.341442994126539,5.7372550973062015,6.149016965414818,6.68373170078192,7.27262992187024,7.818949358404186,8.221723355759556,8.700142395062425,8.923678338084105,9.362392296182406,10.133801449968654,10.606510320890015,11.212002518045086,11.828476089834748,12.18506610715292,12.867800433114457,12.963243357642305,13.461657767933719,13.95398646733669,14.97067474469325,15.9121508488475,16.683047885273446,18.10030719473609,19.243816925308842,20.781489244412743,21.694994800122096,22.75802185588848,24.102823810136265,24.80026733869578,26.5041969351772,27.410641359208345,28.690228236231693,29.654960543096394,31.28144214903979,31.87765466589704,30.057732825342658,32.69510658397219,34.30941798778247,37.063616678775226,38.764400331132535
IDN,Indonesia,Primary Energy,EJ / yr,0.29139877592,0.28530620208,0.27965547752000003,0.29513519380000003,0.33497547835999997,0.35555579447999996,0.3571330620799999,0.38035458536,0.42778582268,0.4580328606,0.5629931625600001,0.5972089836000001,0.7870830891599999,0.8906045194,1.01419758928,1.09126381508,1.17064743724,1.1929643920800002,1.2590402669600003,1.38602839208,1.46725393784,1.5563073427199998,1.64349526208,1.73358807176,1.9172860436399999,2.143921544456548,2.3254384896705016,2.5406861245487544,2.715298217954126,2.8637872573823366,3.1315798911651798,3.357503050667858,3.6746638605958393,3.5957114250629947,3.9415668013677023,4.246107152631179,4.562657493897194,4.70471431188233,5.1113312244055535,5.064016796558179,5.20127691648388,5.2983626521423615,5.677957736456112,5.775830556977116,5.957616920820316,6.397658620366485,6.7846238171031015,7.1430564237340475,6.713252291370872,6.857870585083086,7.011422589365699,6.955028545321223,7.515563912586849,7.9130773986964975,8.358109541985339,7.884382664815622,8.180566492497634,10.17287837165146,10.322805941933073,11.06941297133276
JPN,Japan,Primary Energy,EJ / yr,6.058705617840607,6.92532212775947,7.913075330237001,8.732692635939358,10.254458108787016,11.785859850181241,12.312734666292963,13.219651158865314,14.696433939825718,14.454183222481149,14.307852700889319,14.939773667664141,14.946874320835628,15.327877951432647,15.559555578872219,14.938239431975475,14.702249963850292,14.28602479818234,14.710876135340696,15.353900336137333,15.690787106723548,15.68400445126602,16.444530252648246,17.24949658623871,17.727048171138765,18.22512205979611,18.828294624398286,19.16151790382542,19.419305762956892,20.383558181887572,21.000225495516627,21.455059158666522,21.831770533286605,21.460150449206925,21.827162140520883,22.214082090284155,22.019795755358967,21.97434393092216,21.828794264262143,22.202268080435033,22.701690597017233,22.590902838389113,22.455059875102343,22.007220225657925,20.156617741996097,21.36959666401241,20.108872963049283,19.74072716698823,19.54752879457184,18.93185092883514,18.605508050595503,18.370425960673046,18.543271768090907,18.400151916629405,18.04179933404273,16.560184407502284,17.274159918082724,17.13391659325043,16.666047616798615,16.435118349162586
MYS,Malaysia,Primary Energy,EJ / yr,0.11497556042613556,0.13290572787431795,0.14285974498320622,0.14734549912825362,0.16074076048428557,0.150878626613908,0.17062276029064027,0.19012962271700065,0.20109122471700064,0.2046945733192532,0.21134647406344853,0.23722080890201125,0.279882350128287,0.3738646352222222,0.4293421018686868,0.44714094115151515,0.4615575032929292,0.49542512016161605,0.5686563693131313,0.6017832801212122,0.5939180770303031,0.651911145818182,0.667174024909091,0.6981466296161617,0.7890940404444445,0.8412025208080809,1.0576894823535354,1.19832863,1.201643477,1.26664565,1.3919779049999998,1.566232304,1.8298074069999997,1.755854101,1.856446006,2.154712094727273,2.214159539636363,2.3393914813636365,2.5401168023636362,2.7444524256363634,2.9704871393636365,3.0003586770000004,3.2055825597272727,3.313269060181818,3.213576849181818,3.325275692454546,3.3723151760000003,3.687511201636364,3.8457511866363636,3.8672424100000002,3.9255044368727274,4.097085714190909,4.115591971045455,4.195969763218182,4.305136001572728,4.136222742881818,4.310615423741056,4.673443141552119,4.564124894580313,4.757518005037378
NZL,New Zealand,Primary Energy,EJ / yr,0.27095870928,0.2848928888,0.27901474176,0.28695781476000004,0.29451487972,0.32447021228,0.32986269088000003,0.35052890336000003,0.36840649744000004,0.37818628894288164,0.3746545521699731,0.39650149330400813,0.40975219306535526,0.39895141975131226,0.382510367537787,0.37933484606911183,0.37676206447388844,0.4029945985575466,0.41293125798827685,0.44284865817704716,0.4482030742936579,0.47641280277195425,0.4840559638868204,0.502197395030658,0.5321824085216245,0.5619146123241027,0.5814560144350158,0.5945572210936454,0.601459395465596,0.6201838461958752,0.6344942456632165,0.6550920141977974,0.678278296825447,0.6706297940874553,0.7010958847648432,0.7277258523681703,0.739173425921474,0.7462488004139436,0.7291047019514509,0.7296476449659235,0.7444467703393671,0.7553139038558552,0.7565170971067883,0.7851870472666325,0.7873023728053489,0.8320330192528511,0.8420376397612506,0.8690309699623086,0.8868177255852755,0.9404043517652942,0.9611313337078065,0.9668449075336681,0.9909166805264501,0.980099916713198,1.0042031821001873,0.926546681960009,0.9170751882074448,0.8953082494201519,0.909703228485653,0.9210980002277616
PAK,Pakistan,Primary Energy,EJ / yr,0.28053375548000004,0.28275229548,0.31185168576000005,0.35282788372,0.35341630248000006,0.35004503224,0.32418120491999997,0.29416837199272733,0.3147980704472727,0.3434340762836364,0.3575312885381819,0.3605795309745454,0.38611868345090905,0.4057129893418181,0.4426782257563637,0.49453716069454545,0.5336971391818182,0.5871353621927272,0.6211222925345454,0.6592229488072726,0.6939035744800001,0.7450887378472727,0.8186465541090909,0.8712244305600002,0.9292728616618182,0.9797146118945455,1.0368067335345454,1.0839723264654546,1.2004862334654545,1.2505223492763637,1.318554424570909,1.4002617143309088,1.3927380770690907,1.4642854068363635,1.5539498878945452,1.6179308730472728,1.6560134043054546,1.7107583853454542,1.8280631902634488,2.0521489412226064,2.10545900357851,2.2484205568188087,2.3756141971792735,2.4111802479927227,2.5009319282044213,2.5108154811538106,2.523549766502184,2.462438026869016,2.6003187494507904,2.635351579267523,2.7866356712534013,3.033048104214876,3.2453489532931847,3.3029750100348876,3.285794145635081,3.2177163476412627,3.6234000586960784,3.3317028726594717,3.0443560491068107,2.990150851404688
PHL,Philippines,Primary Energy,EJ / yr,0.21408344305777827,0.2374153891152812,0.25790805238753567,0.30343813025532923,0.327184630241669,0.33238990396824847,0.35865592774658084,0.37914606084841757,0.4228217008602162,0.3957584227024628,0.4303501411102957,0.4436961004966899,0.48229606170699535,0.5008879564157372,0.5397305159557794,0.5619441478699021,0.5975749231168775,0.596195121461951,0.6308865830884022,0.5841210167847015,0.5756847488391638,0.5694782856898226,0.6157265117740602,0.6720461759099083,0.7439427923864511,0.7729092844445586,0.775843365934052,0.8288649109459133,0.8926725873516418,0.9363214176990726,1.0447451696993544,1.1162963482827535,1.2319174346440647,1.2743981151105641,1.316639589146128,1.3525993018810833,1.3034488115349265,1.305097634820092,1.3241488369328354,1.35892001498672,1.3517755213300566,1.306601188358967,1.3516955464513578,1.3965590287260512,1.401507961172053,1.439658337004091,1.4533575759889437,1.5026235370986805,1.5811986225553585,1.6776813620128497,1.836429938768608,1.9817729434161953,2.1205718941210803,2.1913104573378592,2.2641017616709966,2.0820196621035807,2.1633617704207104,2.260882621107314,2.399010813862925,2.536640511979684
SGP,Singapore,Primary Energy,EJ / yr,0.17239682189549918,0.19707740901337092,0.23672166531643882,0.2942443369250338,0.2891466592358571,0.3139393419624914,0.27251234996,0.34123531066000007,0.321575837856,0.31701066915600007,0.309549468568,0.367170785424,0.368548675856,0.379345110612,0.4043999420320001,0.4016561609039999,0.46209529761199997,0.44961714070800013,0.4763216714159999,0.500769127132,0.51081713346,0.5930722362192727,0.6236025858392726,0.7214970390672727,0.8226856578712727,0.9831234165912728,1.0017910169287274,1.0747720822327274,1.174220182592727,1.3429578990487276,1.4000443848727273,1.4127748947847272,1.4859395412727274,1.5064906102727273,1.4914315152727273,1.5947091737399672,1.8023181912207804,1.7357888252300004,1.6350972795079999,1.8483950918654548,1.9520104060137726,2.1554923855492274,2.3342647548288635,2.485853455749569,2.6708924990777305,2.850956768232945,2.9665915895245694,2.9921558033139783,3.0347753324325115,3.097070877497061,3.2810568892894363,3.458210358137464,3.5487566371091352,3.5756335775481047,3.5066372324161614,3.286007789788888,3.280665521513865,3.219842319526686,3.5629424891289054,3.7863341498869367
KOR,South Korea,Primary Energy,EJ / yr,0.26433637820000006,0.3198242682,0.36870906259999997,0.4237223828,0.5095294852,0.5942769524000002,0.6429852266,0.6666320596,0.8273650560000002,0.8562238228000001,0.9442939654,1.0570686856,1.220174663490909,1.3666183794909088,1.5741567120727276,1.6233988250909093,1.6949301865272728,1.7025140420909093,1.8514209421272727,2.0270706834363637,2.236193636672728,2.5194312476,2.7947035450545457,3.1339634405636367,3.4039897856727275,3.887170334619273,4.424279566769091,4.973647456080364,5.446433056518183,5.898975766687636,6.436386195847636,7.109829414118909,7.763155146194182,7.104431589142129,7.745789996924338,8.186050147932033,8.404542586147137,8.790351292093318,9.07184960307595,9.327477966995257,9.637050392744666,9.805356727589537,10.09249211505346,10.294402484305579,10.358397671467028,11.164729748986662,11.722450452115027,11.85131250841278,11.833938181850229,11.967995461858312,12.16705530387471,12.583929374363203,12.699235717413254,12.959839177513905,12.796866320525115,12.334585689370408,12.969240557147874,13.137258212844545,12.91479583537408,13.147044559091153
LKA,Sri Lanka,Primary Energy,EJ / yr,0.035062253848967474,0.036001166219325885,0.036879530758567376,0.03799944885208567,0.03906903161091729,0.06593335611192953,0.06665614147,0.07005140161000001,0.07377386164,0.060516091439999996,0.06288688607,0.061477377438000004,0.06589653266,0.0684505823104,0.071817664418,0.07242079166760002,0.0759138545518,0.08238617050340002,0.083847866561,0.083234205299,0.07562789164599999,0.078735556628,0.08479008442900002,0.080764023563,0.07672886256199998,0.08543754318499999,0.085418674637,0.094764238392,0.09889964250839997,0.107305730539,0.11485505795660002,0.1313673143922,0.134954606836,0.1421787517294,0.153133637029312,0.170166680862696,0.16553774313450395,0.17394369740737603,0.175480637473176,0.1724690477402851,0.19917506281145672,0.2079023433212342,0.21669810272073597,0.201835045633224,0.20686329677077017,0.214131977276351,0.24240929926266294,0.2589247761050913,0.240568033602322,0.279261748793972,0.28981300416329,0.33496610157181816,0.35654706840940914,0.36265588723218195,0.37352136307181816,0.3418916968127273,0.33962843994999997,0.29834205333607733,0.31222565889988285,0.34175521928689656
TWN,Taiwan,Primary Energy,EJ / yr,0.235068834,0.252606679,0.277606639,0.313005219,0.3346194860000001,0.36745697234514996,0.4650194971202,0.49447734609195,0.5838573523533999,0.5489129713720001,0.6041688825122,0.75061685292,0.8285404473200001,0.979065331287273,1.0467095313236365,1.1178866235636362,1.034463016498182,1.155148069714055,1.2882706054990498,1.3530026722753645,1.4081689466653926,1.5323592029152917,1.6693897300651952,1.8496992375176649,1.9592045244847849,2.0810384829275534,2.219490960492106,2.338225940893844,2.4928840053068018,2.639656236733365,2.807265948616182,2.925561692357323,3.0920207316551354,3.2674432573736705,3.429445324941442,3.669958451696512,3.7841013124379934,3.957752323060279,4.1362367240743065,4.310526247047968,4.3631603314328204,4.4809089067640935,4.667387343024393,4.4979042368315785,4.37196329184141,4.680732550034857,4.666413565446993,4.6173843802912335,4.7122155059779764,4.827545772577492,4.814344518078773,4.81950317204606,4.811335899603968,4.871506359709072,4.771003669028113,4.630867190525679,4.904446658607104,4.669028048742053,4.423959882518071,4.369034074193971
THA,Thailand,Primary Energy,EJ / yr,0.10461851900000001,0.124241094,0.140404435,0.18259965300000003,0.19593859700000005,0.22959507599999998,0.253832766,0.3133624611360001,0.331951200596,0.34183715789999997,0.372475742212,0.39300029746000004,0.437519287056,0.47632778566000006,0.499037816704,0.5143326568240001,0.50536005766,0.5123356326040001,0.565510693792,0.626866792448,0.6590467323680002,0.6899238474817493,0.8034136915868699,0.9101750779546322,1.0447447627933435,1.2395220333584043,1.3738988026502068,1.508653720022047,1.7196993214027847,1.9303826475796386,2.167730931192263,2.4545391203834788,2.5874810986442083,2.394141572399633,2.550786912627298,2.6283182343984395,2.77255584578559,3.001297313206961,3.232105910595858,3.5220511414345226,3.6369350764416857,3.700622909375868,3.8291512147828577,3.8360009627500027,3.945565913613191,4.209510497980336,4.3117998702310345,4.595555685412969,4.679494131570475,4.835872251051029,4.914410878482811,5.0099711696452,5.090489528711331,5.233778356468628,5.2307362756307105,4.884704435720561,4.908795001947275,4.903825912831882,4.900232516383096,5.01955450140521
VNM,Vietnam,Primary Energy,EJ / yr,0.1036425161991876,0.1825870445348607,0.25235760705289745,0.2614562220187474,0.30900026633370065,0.3220894021907407,0.28664342873488297,0.2790309665964891,0.29467831227145846,0.21840565566515496,0.2425398355526687,0.13851557866350903,0.14814314643433935,0.1524224788203566,0.16329567715075155,0.18445616955912136,0.18477091140266716,0.19770633169211999,0.209550662232388,0.20883055806176543,0.21153684272734424,0.23068304565030176,0.26114381085550975,0.2581601656257929,0.23103388260869676,0.2398354215174179,0.23814677993937033,0.25793166041159604,0.29658591032558135,0.3288847800930233,0.38319789205519655,0.44018352108648845,0.5223804869534328,0.5756305337973386,0.5799362774570522,0.6684220889184815,0.7443279403604015,0.8274107658259809,0.8973106045326649,1.131290226537197,1.2202978876715411,1.0892985401359605,1.1853170495723961,1.4765905860959163,1.4902358996273055,1.7621507988801361,1.8893268955029503,1.901133676889659,2.0024011211751582,2.222626387232756,2.5748558371111443,2.768674772907328,2.903853255260924,3.388559770797502,3.927185157914785,3.9278622742221625,3.7744750310475297,3.8998764351628585,4.274757695933088,4.585856257356727
WLD,World,Primary Energy,EJ / yr,149.70906563292144,157.8285752418651,163.71682300830165,173.56614191915588,185.5732118657501,197.73052440694053,205.51792678957395,216.92150945099132,229.9227231589568,230.3813823274861,232.01660792141018,245.0339065815757,253.98611609120795,263.51678687124644,272.0881865550182,269.46905312734566,268.08081343931553,266.53645607155244,270.8832694886344,283.3641835716322,291.2402596617953,297.91874668047467,309.10145548292286,320.79262907415426,327.4699581205344,332.1323536333801,334.2505595355842,336.4040757752125,338.3764809806314,342.7745657367169,349.7306625996966,360.15996306235036,363.53498238778786,365.5760251340775,371.8990050987395,381.6911026169239,386.39220782398905,395.01318667159757,409.54784308984796,430.15874799512636,444.5082914120887,456.76541895721755,471.4351793883176,476.14076785044693,468.23920387446987,490.66486005642844,501.65088775474237,507.61617970299307,515.6244721558644,520.7293003222593,524.2729819283801,529.4732060421072,540.1932872894947,553.6520498405743,558.9999502245289,536.0673753263809,563.2609427940499,571.0401694206691,580.2824160465218,592.2167427614952
